<?xml version="1.0" ?>
<manifest identifier="PR4pd2D6lca3G9pCAyzhihybs1LVFilZxr04XbCV" version="1"
  xmlns="http://www.imsproject.org/xsd/imscp_rootv1p1p2"
  xmlns:adlcp="http://www.adlnet.org/xsd/adlcp_rootv1p2"
  xmlns:xsi="http://www.w3.org/2001/XMLSchema-instance"
  xsi:schemaLocation="http://www.imsproject.org/xsd/imscp_rootv1p1p2 imscp_rootv1p1p2.xsd
                      http://www.imsglobal.org/xsd/imsmd_rootv1p2p1 imsmd_rootv1p2p1.xsd
                      http://www.adlnet.org/xsd/adlcp_rootv1p2 adlcp_rootv1p2.xsd">
  <metadata>
    <schema>ADL SCORM</schema>
    <schemaversion>1.2</schemaversion>
    <adlcp:location>metadata.xml</adlcp:location>
  </metadata>
  <organizations default="articulate_rise">
      <organization identifier="articulate_rise">
      <title>Armazenamento e Inventário</title>
      <item identifier="i1" identifierref="r1" isvisible="true">
        <title>Armazenamento e Inventário</title>
        <adlcp:datafromlms>eyJjcHYiOiJ4cjA0WGJDViJ9</adlcp:datafromlms>
      </item>
    </organization>
  </organizations>
  <resources>
    <resource identifier="r1" type="webcontent" adlcp:scormtype="sco" href="scormdriver/indexAPI.html">
      <!-- SCORMDRIVER STUFF -->
      <file href="scormdriver/LICENSE.txt" />
      <file href="scormdriver/indexAPI.html" />
      <file href="scormdriver/preloadIntegrity.js" />
      <file href="scormdriver/driverOptions.js" />
      <file href="scormdriver/AICCComm.html" />
      <file href="scormdriver/auto-scripts/AutoBookmark.js" />
      <file href="scormdriver/auto-scripts/AutoCompleteSCO.js" />
      <file href="scormdriver/auto-scripts/CourseExit.js" />
      <file href="scormdriver/blank.html" />
      <file href="scormdriver/goodbye.html" />
      <file href="scormdriver/scormdriver.js" />
      <file href="scormdriver/browsersniff.js" />

      <!-- RUNTIME COMMON STUFF -->
      <file href="scormcontent/index.html" />
      <file href="scormcontent/lib/main.bundle.js"/>

      
        <file href="scormcontent/lib/fonts/icomoon.ttf"/>
        <file href="scormcontent/lib/fonts/icomoon.woff"/>

        <file href="scormcontent/lib/icomoon.css"/>
        <file href="scormcontent/lib/main.bundle.css"/>
        <file href="scormcontent/lib/player-0.0.11.min.js"/>
        <file href="scormcontent/lib/lzwcompress.js"/>
      

      <!-- RUNTIME CONTENT STUFF -->
      <file href="scormcontent/lib/fonts/Roboto-Light.woff" />
<file href="scormcontent/lib/fonts/Roboto-Regular.woff" />
<file href="scormcontent/lib/fonts/Roboto-Bold.woff" />
<file href="scormcontent/lib/fonts/Roboto-Italic.woff" />
<file href="scormcontent/lib/fonts/Roboto-Black.woff" />
<file href="scormcontent/lib/fonts/Lato-Light.woff" />
<file href="scormcontent/lib/fonts/Lato-Regular.woff" />
<file href="scormcontent/lib/fonts/Lato-Bold.woff" />
<file href="scormcontent/lib/fonts/Lato-Italic.woff" />
<file href="scormcontent/lib/fonts/Lato-Black.woff" />
<file href="scormcontent/assets/pvYg9xHkEmp2RTdI_small_1618507837.jpg" />
<file href="scormcontent/assets/PByAqzx6KYR0cXfu_JxzbRirxRSQh7h6P.png" />
<file href="scormcontent/assets/i3k7BNbaBfqYUtx8_1AZxOFRTEYz8iYnL.jpg" />
<file href="scormcontent/assets/qJZk7DUpZkZmvs7__3ZdaWHpnRTwIeiWi.png" />
<file href="scormcontent/assets/czw1h90lSmqjZN5N_jiFZWwXJJbjKzmMd.jpg" />
<file href="scormcontent/assets/9W6LHb8qOvP3qQaI_GUTCattGQ3-f3Fnh.jpg" />
<file href="scormcontent/assets/_9CopO1wQIoWmfYC_1TtLC2ejRretGOrU.jpg" />
<file href="scormcontent/assets/HRG6YNV4diHanSng_QEDIazMFpyjTV7Cq.jpg" />
<file href="scormcontent/assets/HwYH7jm0a-fGvNzF_-SqtXpl0Z8_I87vV.jpg" />
<file href="scormcontent/assets/mJq5SivxwWRXv2Cn_BgDbSsCwadLnVkIA.jpg" />
<file href="scormcontent/assets/XmInatBgjneLFbvV_TdX68Syu20y0ZzKd.jpg" />
<file href="scormcontent/assets/qbMyn96cnJmloTjK_6tF6UQtZ06C4q45Q.jpg" />
<file href="scormcontent/assets/PCQE10-91vbs3ys1_irBnYsMkdQnWApPd.png" />
<file href="scormcontent/assets/BgRREE-cfMDbnGBL_rKZww69PGaPL7qtD.jpg" />
<file href="scormcontent/assets/quYMCGx3ZiDg9Dvw_I6z02Vs0ZKY7CuiO.png" />
<file href="scormcontent/assets/6yOzlhbNlgUDGndH_-K4KZSKkLPrIPmE_.jpg" />
<file href="scormcontent/assets/FKUlCfYrw7Dog-lJ_f9aFLrINOheiMlT5.jpg" />
<file href="scormcontent/assets/3A4n6gpAWDg_ljb-_numFNk0h53QsPhjT.jpg" />
<file href="scormcontent/assets/bovCYhZeUIMoPeOL_9PYk1OFA-EGJvfPz.jpg" />
<file href="scormcontent/assets/ll2hduIQh4aURLjD_ab455U6Ea7bUYusT.jpg" />
<file href="scormcontent/assets/D24yPdJlgbHkOyxE_jYTcdiSQZQXLkVYJ.jpg" />
<file href="scormcontent/assets/JjQ-CtO6YdxveH8j_quote_background.jpg" />
<file href="scormcontent/assets/3XcETTd0hBkmIZia_6Jx9az5iESs7RUXh.jpg" />
<file href="scormcontent/assets/-CbhKSrO3_hb_j1V_DTJLO0KQVXGqJaOq.jpg" />
<file href="scormcontent/assets/xAximxBUb_02kXGe_4-f2Nxh6WHaWVlo3.jpg" />
<file href="scormcontent/assets/KJefiHgHoi0SbLUD_5_sge1pj-1QQaO00.jpg" />
<file href="scormcontent/assets/j2-z4hCp5XaQ_fcS_fhF84v6Jnwo_ATAN.jpg" />

    </resource>
  </resources>
</manifest>
