﻿<?xml version="1.0" encoding="utf-8"?>
<manifest identifier="_6jcn0DMGENG_course_id" version="1.0" xmlns="http://www.imsproject.org/xsd/imscp_rootv1p1p2" xmlns:adlcp="http://www.adlnet.org/xsd/adlcp_rootv1p2" xmlns:xsi="http://www.w3.org/2001/XMLSchema-instance" xsi:schemaLocation="http://www.imsproject.org/xsd/imscp_rootv1p1p2 imscp_rootv1p1p2.xsd http://www.imsglobal.org/xsd/imsmd_rootv1p2p1 imsmd_rootv1p2p1.xsd http://www.adlnet.org/xsd/adlcp_rootv1p2 adlcp_rootv1p2.xsd">
  <metadata>
    <schema>ADL SCORM</schema>
    <schemaversion>1.2</schemaversion>
    <lom xmlns="http://www.imsglobal.org/xsd/imsmd_rootv1p2p1" xmlns:xsi="http://www.w3.org/2001/XMLSchema-instance" xsi:schemaLocation="http://www.imsglobal.org/xsd/imsmd_rootv1p2p1 imsmd_rootv1p2p1.xsd">
      <general>
        <title>
          <langstring xml:lang="x-none">Game | Logística | Oficina 39</langstring>
        </title>
      </general>
      <lifecycle>
        <version>
          <langstring xml:lang="x-none">1</langstring>
        </version>
        <status>
          <source>
            <langstring xml:lang="x-none">LOMv1.0</langstring>
          </source>
          <value>
            <langstring xml:lang="x-none">Final</langstring>
          </value>
        </status>
      </lifecycle>
      <metametadata>
        <metadatascheme>ADL SCORM 1.2</metadatascheme>
      </metametadata>
      <educational>
        <typicallearningtime>
          <datetime>PT0H0M0S</datetime>
        </typicallearningtime>
      </educational>
      <rights>
        <cost>
          <source>
            <langstring xml:lang="x-none">LOMv1.0</langstring>
          </source>
          <value>
            <langstring xml:lang="x-none">yes</langstring>
          </value>
        </cost>
        <copyrightandotherrestrictions>
          <source>
            <langstring xml:lang="x-none">LOMv1.0</langstring>
          </source>
          <value>
            <langstring xml:lang="x-none">yes</langstring>
          </value>
        </copyrightandotherrestrictions>
      </rights>
    </lom>
  </metadata>
  <organizations default="Game_|_Logística_|_Oficina_39_ORG">
    <organization identifier="Game_|_Logística_|_Oficina_39_ORG">
      <title>Game | Logística | Oficina 39</title>
      <item identifier="jogo_SCO" isvisible="true" identifierref="__6jcn0DMGENG_course_id_RES">
        <title>jogo</title>
      </item>
    </organization>
  </organizations>
  <resources>
    <resource identifier="__6jcn0DMGENG_course_id_RES" type="webcontent" href="index_lms.html" adlcp:scormtype="sco">
      <file href="story_content/thumbnail.jpg" />
      <file href="story_content/5zUpXIFWVub_22050_160_0.mp3" />
      <file href="mobile/5xWRa2pt6rL_RG_DX96_DY96_CX72_CY72.png" />
      <file href="mobile/66uY9e78JaE_DX154_DY154_CX115_CY114.png" />
      <file href="mobile/66uY9e78JaE_B-10_DX154_DY154_CX115_CY114.png" />
      <file href="mobile/6f5daGEeQG7_DX324_DY324_CX242_CY126.png" />
      <file href="mobile/5qrI3qfFY0M_DX2160_DY2160_CX1080_CY918.png" />
      <file href="mobile/5YlgOxdiFjj_DX102_DY102_CX76_CY46.png" />
      <file href="story_content/5c9bYRjjsbe_22050_160_0.mp3" />
      <file href="mobile/6TrOeweYvQG_RG_DX154_DY154_CX115_CY113.png" />
      <file href="mobile/6CJS1kwLApb_DX164_DY164_CX123_CY108.png" />
      <file href="mobile/6Gb5X52oEPe_DX164_DY164_CX123_CY108.png" />
      <file href="mobile/6CJS1kwLApb_C20_DX164_DY164_CX123_CY108.png" />
      <file href="mobile/6Gb5X52oEPe_C20_DX164_DY164_CX123_CY108.png" />
      <file href="story_content/5bO7YUadfUb_22050_160_0.mp3" />
      <file href="story_content/5s9jEHqvjlk_22050_160_0.mp3" />
      <file href="story_content/6FwZfgR49iS_22050_160_0.mp3" />
      <file href="story_content/6eqUGsvsyvm_22050_160_0.mp3" />
      <file href="mobile/5WEA3PIQmgr_DX134_DY134_CX100_CY100.png" />
      <file href="mobile/5mm297ORmfs_DX184_DY184_CX138_CY133.png" />
      <file href="story_content/5fRFXAfbHLw_22050_160_0.mp3" />
      <file href="mobile/6LBcrpklL2N_DX96_DY96_CX71_CY70.png" />
      <file href="mobile/6LBcrpklL2N_B-10_DX96_DY96_CX71_CY70.png" />
      <file href="mobile/6bchGBfkXZc_DX126_DY126_CX94_CY94.png" />
      <file href="story_content/6U9O1mzKhUy_22050_160_0.mp3" />
      <file href="story_content/6axl5vvnf1B_22050_160_0.mp3" />
      <file href="story_content/6dl1lxVMSjF_22050_160_0.mp3" />
      <file href="story_content/5bbrLiOY7lm_22050_160_0.mp3" />
      <file href="story_content/5pNJiKtx4AC_22050_160_0.mp3" />
      <file href="story_content/6X0bd1ozmq2_22050_160_0.mp3" />
      <file href="story_content/6T9a3ubZ6Wr_22050_160_0.mp3" />
      <file href="story_content/6NqUdNXGFRw_22050_160_0.mp3" />
      <file href="story_content/5WZvqjhwuVS_22050_160_0.mp3" />
      <file href="story_content/6MUN2lAAeqi_22050_160_0.mp3" />
      <file href="story_content/5ntLGAEhHGP_22050_160_0.mp3" />
      <file href="story_content/616jDUmsiMQ_22050_160_0.mp3" />
      <file href="story_content/5lnO4T1u7by_22050_160_0.mp3" />
      <file href="story_content/6cD2LKexkzb_22050_160_0.mp3" />
      <file href="story_content/5Y0EZ7s99Rb_22050_160_0.mp3" />
      <file href="story_content/5csoGivpR2D_22050_160_0.mp3" />
      <file href="story_content/6THKzlNJSBo_22050_160_0.mp3" />
      <file href="story_content/6UxWEMUgGcv_22050_160_0.mp3" />
      <file href="story_content/6DywHMh8V2W_22050_160_0.mp3" />
      <file href="mobile/5WEA3PIQmgr_DX132_DY132_CX85_CY85.png" />
      <file href="mobile/6bchGBfkXZc_DX124_DY124_CX82_CY82.png" />
      <file href="mobile/6CJS1kwLApb_DX164_DY164_CX82_CY72.png" />
      <file href="story_content/6g9r1HzFy4M_22050_160_0.mp3" />
      <file href="story_content/6gzduEpcJ4f_22050_160_0.mp3" />
      <file href="mobile/66uY9e78JaE_B-10_C-10_DX154_DY154_CX115_CY114.png" />
      <file href="story_content/5ndSVhFsrqu_22050_160_0.mp3" />
      <file href="mobile/6P1pEWut38j_DX318_DY318_CX162_CY237.png" />
      <file href="meta.xml" />
      <file href="story_content/frame.json" />
      <file href="story_content/user.js" />
      <file href="html5/data/css/output.min.css" />
      <file href="html5/data/js/5aGt1KfPikn.js" />
      <file href="html5/data/js/5cGkyKHYi5e.js" />
      <file href="html5/data/js/5dzIX3flRb3.js" />
      <file href="html5/data/js/5gYY2m4Ifc9.js" />
      <file href="html5/data/js/5iEbi7HMaqG.js" />
      <file href="html5/data/js/5pv3YrmQ4DY.js" />
      <file href="html5/data/js/5rYCTsyXkGi.js" />
      <file href="html5/data/js/5tx2zhccXa5.js" />
      <file href="html5/data/js/5VI5ijr15m1.js" />
      <file href="html5/data/js/5vlW3HiLXt0.js" />
      <file href="html5/data/js/5vmt3PBVex0.js" />
      <file href="html5/data/js/5YT3q2CJWkC.js" />
      <file href="html5/data/js/5zryIkHHfL8.js" />
      <file href="html5/data/js/66bYaSiEftA.js" />
      <file href="html5/data/js/69x1Z4zS0NS.js" />
      <file href="html5/data/js/6jH2c6BUmOP.js" />
      <file href="html5/data/js/6PXeMnVFVbv.js" />
      <file href="html5/data/js/6rmgSP9DZoL.js" />
      <file href="html5/data/js/6Xv8ZsztwZB.js" />
      <file href="html5/data/js/data.js" />
      <file href="html5/data/js/frame.js" />
      <file href="html5/data/js/paths.js" />
      <file href="html5/lib/scripts/app.min.js" />
      <file href="html5/lib/stylesheets/main.min.css" />
      <file href="html5/lib/stylesheets/mobile-fonts/open-sans-bold.woff" />
      <file href="html5/lib/stylesheets/mobile-fonts/open-sans-light.woff" />
      <file href="html5/lib/stylesheets/mobile-fonts/open-sans-regular.woff" />
      <file href="story.html" />
      <file href="story_html5.html" />
      <file href="story_content/blank.html" />
      <file href="story_content/story.js" />
      <file href="index_lms.html" />
      <file href="index_lms_html5.html" />
      <file href="lms/AICCComm.html" />
      <file href="lms/AICCFunctions.js" />
      <file href="lms/API.js" />
      <file href="lms/APIConstants.js" />
      <file href="lms/blank.html" />
      <file href="lms/browsersniff.js" />
      <file href="lms/Configuration.js" />
      <file href="lms/goodbye.html" />
      <file href="lms/lms.js" />
      <file href="lms/LMSAPI.js" />
      <file href="lms/NONEFunctions.js" />
      <file href="lms/SCORM2004Functions.js" />
      <file href="lms/SCORMFunctions.js" />
      <file href="lms/UtilityFunctions.js" />
    </resource>
  </resources>
</manifest>